month,equity,return
2025_12,1.04677456203209,0.046774562032090176
