period,return
2005-2012,-0.6438680031401933
2013-2019,7.121220969826451
2020-present,1.0907800901508753
